video_id,title,description,channel_id,channel_title,published_at,thumbnail_url,view_count,like_count,comment_count,duration,collected_at,transcript
_P14KSgLxJ8,Mai kaise jiu bhole baba üíîüôèüò± #trending #shorts #video #viral @ritikashorts70,Mai kaise jiu bhole baba üíîüôèüò± #trending #shorts #video #viral ‚Äã‚Å†,UCQeMU1o-aCY_62TWfgRA78g,ritika shorts70,2026-01-23T03:59:52Z,https://i.ytimg.com/vi/_P14KSgLxJ8/hqdefault.jpg,2550,27,0,PT32S,2026-01-23T12:10:34.740898,
rcUscA6I3cQ,‡§≠‡§ó‡§µ‡§æ‡§® ‡§∂‡§ø‡§µ ‡§ú‡•Ä ‡§ï‡•á ‡§∏‡§æ‡§• ‡§Æ‡§æ‡§§‡§æ ‡§™‡§æ‡§∞‡•ç‡§µ‡§§‡•Ä ‡§ú‡•Ä ‡§ï‡§æ ‡§µ‡§æ‡§Ø‡§∞‡§≤ ‡§µ‡•Ä‡§°‡§ø‡§Ø‡•ã #trending #vfx#deshbhagti #shortvideo,,UCPnnxLVexqzFHFbBFVaG11g,Arvind Gupta Vfx,2026-01-22T11:46:15Z,https://i.ytimg.com/vi/rcUscA6I3cQ/hqdefault.jpg,19669,150,1,PT27S,2026-01-23T12:10:34.740913,
ApshO2uiJQ0,Mahadev üôè #shorts #youtubeshorts #shortsfeed #viral #video #trending,"Mahadev üôè 
#shorts #youtubeshorts #shortsfeed #viral #video #trending",UCwGUSzSBcuXWtuQjooe357g,Chukku Ki Masti,2026-01-23T05:15:06Z,https://i.ytimg.com/vi/ApshO2uiJQ0/hqdefault.jpg,10763,94,1,PT26S,2026-01-23T12:10:34.740919,
#NAME?,#video | Shiva tandem stotram üïâÔ∏èüôè #shortvideo #mahadeva #trending #youtubeshorts,,UCp7lLaJbx1trYHuNwMSIY0g,Rani sahani ,2026-01-21T01:28:42Z,https://i.ytimg.com/vi/-osRmlq6xTA/hqdefault.jpg,14240,135,1,PT38S,2026-01-23T12:10:34.740925,
LnoImO99bgQ,Mahadev üôè‚ù§Ô∏è #shorts #youtubeshorts #shortsfeed #viral #video #trending,"Mahadev üôè‚ù§Ô∏è 
#shorts #youtubeshorts #shortsfeed #viral #video #trending",UCwGUSzSBcuXWtuQjooe357g,Chukku Ki Masti,2026-01-22T13:44:08Z,https://i.ytimg.com/vi/LnoImO99bgQ/hqdefault.jpg,14698,67,0,PT14S,2026-01-23T12:10:34.740929,
SC-0EbSPpKw,‡§¶‡•ã ‡§ï‡•ç‡§∞‡•á‡§® ‡§ï‡•á ‡§¨‡§æ‡§¶  ‡§§‡•Ä‡§∏‡§∞‡§æ ‡§Æ‡§∂‡•Ä‡§® ‡§§‡§æ‡§ï‡•Ä ‡§µ‡§ø‡§∞‡§æ‡§ü ‡§∂‡§ø‡§µ‡§≤‡§ø‡§Ç‡§ó ‡§ï‡•ã ‡§ñ‡§°‡§º‡§æ ‡§ï‡§ø‡§Ø‡§æ ‡§ú‡§æ ‡§∏‡§ï‡•á,"‡§¶‡•ã ‡§ï‡•ç‡§∞‡•á‡§® ‡§ï‡•á ‡§¨‡§æ‡§¶  ‡§§‡•Ä‡§∏‡§∞‡§æ ‡§Æ‡§∂‡•Ä‡§® ‡§§‡§æ‡§ï‡•Ä ‡§µ‡§ø‡§∞‡§æ‡§ü ‡§∂‡§ø‡§µ‡§≤‡§ø‡§Ç‡§ó ‡§ï‡•ã ‡§ñ‡§°‡§º‡§æ ‡§ï‡§ø‡§Ø‡§æ ‡§ú‡§æ ‡§∏‡§ï‡•á‡§¶‡•ã ‡§ï‡•ç‡§∞‡•á‡§® ‡§ï‡•á ‡§¨‡§æ‡§¶  ‡§§‡•Ä‡§∏‡§∞‡§æ ‡§Æ‡§∂‡•Ä‡§® ‡§§‡§æ‡§ï‡•Ä ‡§µ‡§ø‡§∞‡§æ‡§ü ‡§∂‡§ø‡§µ‡§≤‡§ø‡§Ç‡§ó ‡§ï‡•ã ‡§ñ‡§°‡§º‡§æ ‡§ï‡§ø‡§Ø‡§æ ‡§ú‡§æ ‡§∏‡§ï‡•á
#trending #videos #shorts #viratramayanmandir #shivling #shivlingstory #shivlingpartripundkaiselgaye",UCCj8tC9tvqfjR2pv5OHeF7A,mscc news,2026-01-17T00:40:29Z,https://i.ytimg.com/vi/SC-0EbSPpKw/hqdefault.jpg,121580,1825,20,PT37S,2026-01-23T12:10:34.740933,
v8evFWjebV0,Jaise Shiv Gaura Ka Pyar (Official Video) Hansraj Raghuwanshi Komal Saklani | Bhole Mera Yaar Milade,"Jaise Shiv Gaura Ka Pyar (Official Video) Hansraj Raghuwanshi Komal Saklani | Bhole Mera Yaar Milade
#jaiseshivgaurakapyar #hansrajraghuwanshi #komalsaklani #shivbhajan 
__________
‚ñ∫ Produced By Bholenath Ji
__________
üéº Music Credits
‚ûü  Singer: Hansraj Raghuwanshi  
‚ûü https://www.instagram.com/baba_hans_raghuwanshi/
‚ûü Project By :- Komal Saklani
‚ûü Composer & Music Producer- Bharat Kamal
‚ûü Lyrics :- Ravi Chopra
‚ûü Flute :- Pt. Ajay Prasanna
‚ûü Strokes :- Tapas Roy
‚ûü Guitars :- Shomu Seal
‚ûü Bass :- Raoul Niamut
‚ûü Percussions :- Aadesh More & Team
‚ûü Mixing & Mastering :- Pankaj Bohra @ Neo Sound
‚ûü Audio Editor :- Vegan Vipin
‚ûü Vocals recorded @ LA Studio (Chandigarh)
‚ûü All live instruments recorded @ Studio 504 by Rahul Sharma (Mumbai)
__________
üé¨ Featuring: 
‚ûü Featuring :- Komal Saklani 
‚ûü Supporting Artists :- Kuku Diwan , Prithi Singh, Chetan Singh, Shanti Sen, Barsha Pal & Ravinder Singh 
__________
üé• Video Production
‚ûü A Film By 2 Directors
 Ôøº / 2directorsfilm  
‚ûü Directors :- Neeraj K Rathi & Sohi Saini
‚ûü Dop :- Rawhit , Prab Ramgarhia
‚ûü Edit / Di :- Sohi Saini
‚ûü VFX :- Dr Vfx 
‚ûü Makeup :- Gavy , Anjana 
‚ûü Art :- Sahib  
‚ûü Line Producer :- Ramesh Rajnu & Mohit 
‚ûü Location Manager :- Rishi  
‚ûü Spot Boys :- Aniket , Gaurav &Tanveer 
‚ûü Light Equipment :- North India Lights
__________
‚ûü Poster :- Vk Editz
‚ûü Special Thanks :- Balak Maheshwar Devta Committee  , Pankaj Paul
‚ûü Label : Hansraj Raghuwanshi
‚ûü Digital Partner : Tellytune Entertainment Pvt Ltd
___________
‚úåCreate Reel Here : https://www.instagram.com/reels/audio/846887761667419?igsh=MWs2Z3E5eXBjd3Zmcw==
____________
‚ô´ Also Available on other Audio Platforms ‚ô´ 
üëâ‚ô™ Spotify : https://open.spotify.com/track/3890YQg8F2oVnfvbOSoMgN
üëâ‚ô™ Jio Saavn : https://www.jiosaavn.com/song/jaise-shiv-gaura-ka-pyar/PTJdSQ1ZBVw
üëâ‚ô™ Gaana : https://gaana.com/song/shiv-gaura-ka-pyar
üëâ‚ô™ Apple Music : https://music.apple.com/us/song/jaise-shiv-gaura-ka-pyar/1861559012
üëâ‚ô™ Prime Music : https://music.amazon.in/albums/B0G76P1XTR
____________
üì© Business Enquiries
üìß Email: raghuwanshihansraj777@gmail.com
üìû Contact: +91 88943 90420 | +91 88949 00344
____________
üìå Stay Connected with the Divine Vibes
üì∫ Subscribe: https://shorturl.at/Bo1x7
üìò Facebook: https://shorturl.at/NRyd7  
üì∑ Instagram: https://shorturl.at/xZF4h",UCigV1clokmoz4LZrGL9fRNw,Hansraj Raghuwanshi,2026-01-01T12:30:06Z,https://i.ytimg.com/vi/v8evFWjebV0/hqdefault.jpg,1927063,57483,3427,PT7M5S,2026-01-23T12:10:34.740938,
co74G7BCUDo,Mahadev üò±üôè #shorts #youtubeshorts #shortsfeed #viral #video #trending,"Mahadev üò±üôè 
#shorts #youtubeshorts #shortsfeed #viral #video #trending",UCwGUSzSBcuXWtuQjooe357g,Chukku Ki Masti,2026-01-22T04:30:37Z,https://i.ytimg.com/vi/co74G7BCUDo/hqdefault.jpg,24388,139,0,PT21S,2026-01-23T12:10:34.740942,
x91ACbYQkcs,‡§Ü‡§ú ‡§§‡•ã ‡§∂‡§Ç‡§ï‡§∞ ‡§≠‡§ó‡§µ‡§æ‡§® ‡§ï‡•á ‡§¶‡§∞‡•ç‡§∂‡§® ‡§π‡•ã ‡§ó‡§ê üî±üö© har har mahadev #harharmahadev #shorts #trending #video,‡§Ü‡§ú ‡§§‡•ã ‡§∂‡§Ç‡§ï‡§∞ ‡§≠‡§ó‡§µ‡§æ‡§® ‡§ï‡•á ‡§¶‡§∞‡•ç‡§∂‡§® ‡§π‡•ã ‡§ó‡§ê üî±üö© har har mahadev #harharmahadev #shorts #trending #video,UC8cn696QZ_fc94Wnf464iGQ,Kana Ka Magic ,2026-01-21T01:31:04Z,https://i.ytimg.com/vi/x91ACbYQkcs/hqdefault.jpg,24196,0,0,PT28S,2026-01-23T12:10:34.740946,
7_obu9B9aNE,Mahadev üò±üôè #shorts #youtubeshorts #shortsfeed #viral #video #trending,"Mahadev üò±üôè 
#shorts #youtubeshorts #shortsfeed #viral #video #trending",UCwGUSzSBcuXWtuQjooe357g,Chukku Ki Masti,2026-01-22T04:06:06Z,https://i.ytimg.com/vi/7_obu9B9aNE/hqdefault.jpg,22439,112,0,PT22S,2026-01-23T12:10:34.740950,
p8gu43kdjag,GOD In Car Trending Reels Editing | Bhagwan Ji Driving Car Ai Video Editing | God In Car Trend Edit,"GOD In Car Trending Reels Editing | Bhagwan Ji Driving Car Ai Video Editing | God In Car Trend Edit

God Driving Car Trending Ai Video Editingüî•

Your queries:

god in car trending reels editing 
god car driving viral video editing
god car driving trending reels editing 
god car drive trending instagram reels tutorial 
viral bhagwan ji driving car ai video editing 
bhagwan ji car driving ai video tutorial
gods car driving ai video editing 
instagram trending gods car driving ai video tutorial 
hindu gods video 
hibdu gods car driving ai video tutorial 
ai video editing 
trending hindu gods driving car ai video editing 
gods driving car ai video tutorial 
ai video tutorial 
gods trending car driving ai video editing
ai video kaise banaye 
how to make ai video 
ai video edit
trending ai video tutorial 
reels edit

Instagram :
https://www.Instagram.com/jayanta_bhai06

Telegram :
https://t.me/jayantabhai06",UChqjU-iSJ-ZLP6gVsrDWEHw,Jayanta Bhai,2026-01-15T05:01:14Z,https://i.ytimg.com/vi/p8gu43kdjag/hqdefault.jpg,25811,313,50,PT1M26S,2026-01-23T12:10:34.740954,
xccY3P8_OwE,‡§π‡§Æ‡§æ‡§∞‡•á ‡§®‡§ó‡§∞‡§ø‡§Ø‡§æ ‡§∂‡§ø‡§µ ‡§ú‡•Ä ‡§ó‡§Ç‡§ó‡§æ ‡§ú‡•Ä ‡§ï‡•á ‡§ú‡§≤‡§µ‡§æ ‡§ü‡•ç‡§∞‡•á‡§Ç‡§°‡§ø‡§Ç‡§ó ‡§µ‡•Ä‡§°‡§ø‡§Ø‡•ã ‡§µ‡§æ‡§Ø‡§∞‡§≤ üôè,,UCQ4wW7_lzGSIVPrNXlxitwA,Sunita Singh,2026-01-23T11:00:27Z,https://i.ytimg.com/vi/xccY3P8_OwE/hqdefault.jpg,451,11,0,PT26S,2026-01-23T12:10:34.740959,
3-MsOPHijPY,‡§∏‡§ø‡§∞‡•ç‡§´ 1 ‡§Æ‡§ø‡§®‡§ü ‡§Æ‡•á‡§Ç Viral Trending AI Video ‡§¨‡§®‡§æ‡§ì | AI Video Kaise Banaye | wood craft AI video,"‡§∏‡§ø‡§∞‡•ç‡§´ 1 ‡§Æ‡§ø‡§®‡§ü ‡§Æ‡•á‡§Ç Viral Trending AI Video ‡§¨‡§®‡§æ‡§ì | Trending AI Video Kaise Banaye | wood crafting AI video

telegram channel link -https://t.me/shiva19p

‡§á‡§∏ ‡§µ‡•Ä‡§°‡§ø‡§Ø‡•ã ‡§Æ‡•á‡§Ç ‡§Æ‡•à‡§Ç‡§®‡•á ‡§Ü‡§™‡§ï‡•ã ‡§∏‡§ø‡§ñ‡§æ‡§Ø‡§æ ‡§π‡•à ‡§ï‡§ø ‡§Ü‡§™ ‡§∏‡§ø‡§∞‡•ç‡§´ 1 ‡§Æ‡§ø‡§®‡§ü ‡§Æ‡•á‡§Ç YouTube ‡§™‡§∞ trend ‡§ï‡§∞ ‡§∞‡§π‡•á AI video ‡§ï‡•à‡§∏‡•á ‡§¨‡§®‡§æ ‡§∏‡§ï‡§§‡•á ‡§π‡•à‡§Ç

your search queries -
trending AI video kaise banaye 
AI video Kaise banaen 
viral AI video kaise banaye 
YouTube trending ai video kaise banaye
viral ai video
1 minute ai video
ai video kaise banaye free 
free ai video tools
ai se viral video
youtube shorts ai video
instagram reels ai video
ai video without editing
wood crafting AI video Kaise banaen 


#trendingaivideos #aivideo #epicshivaji #ai 
#shortvideo #aivideokaisebanaye #viralai",UCr9_Qk2qG008NKMPA7myAtA,Epic shivaji,2026-01-04T06:35:52Z,https://i.ytimg.com/vi/3-MsOPHijPY/hqdefault.jpg,41236,1454,126,PT15M51S,2026-01-23T12:10:34.740963,
Qh0qaapfDuw,Mahadev üôè #shorts #youtubeshorts #shortsfeed #viral #video #trending,"Mahadev üôè 
#shorts #youtubeshorts #shortsfeed #viral #video #trending",UCwGUSzSBcuXWtuQjooe357g,Chukku Ki Masti,2026-01-21T04:54:10Z,https://i.ytimg.com/vi/Qh0qaapfDuw/hqdefault.jpg,21438,132,0,PT27S,2026-01-23T12:10:34.740968,
QH3HqbmhESQ,Ganpati Shiva Magic üò±Shiva Cartoonüî•Vfx video#shortsfeed #trending#ganpati#ganesh#vfx #shorts #short,"Ganpati Shiva Magic üò±Shiva Cartoonüî•Vfx video#shortsfeed #trending#ganpati#ganesh#vfx #shorts #short












#ganpati #ganesh #ganpatibappamorya #ganpatifestival #ganeshchaturthi #ganpatibappasong #youtubeshorts #shortvideo #youtubeshort #youtubeshorts #cartoon #shortsfeed #shortvideo #shortsviral #shortsvideos #vfx #vfxcartoon #vfxqueen #vfxshorts  #shortvideo #trendingshorts #trend #trendingreels #viralreels #shiva #shivacartoon #shivashiva #cartoonvideo 




@AkashKumarVfx22  


@AnimensionToto  


@vfxqueen  


@VFXSIMA  


@vfxhd  


@vfxmagictv1  


@Vfxravina  


@vfxmantubarman  


@YouTube


@MotuPatluTV  


@shivacartoon7615



this short is Not for Children

your queries 

shiva  
shiva shiva  
shiva cartoon  
shiva shiva shiva shiva  
shiva wale cartoon  
shiva wala cartoon  
shiva shiva cartoon  
ÏÇ¨Î∞î  
ganpati wala
 shiva shiva shiva shiva  
shiva cartoon shiva cartoon
shiva wala  
shiva shiva shiva  
‡§∂‡§ø‡§µ‡§æ  
shiva shiva shiva shiva  
cartoon shiva  
‡§∂‡§ø‡§µ‡§æ  
‡§∂‡§ø‡§µ‡§æ ‡§∂‡§ø‡§µ‡§æ  
‡§∏‡§ø‡§µ‡§æ  
cartoon shiva
shiva cartoon  
shiva ka cartoon  
shiva bhoot  
shiva ke cartoon  
‡§∂‡§ø‡§µ‡§æ ‡§ï‡§æ‡§†‡•Ç‡§£  
shiva shiva shiva shiva shiva‚Ä¶  
shiva cartoon shiva  
shiva shiva shiva shiva shiva shiva  
shiva cartoons  
‡§∂‡§ø‡§µ‡§æ


shiva shiva cartoon song 

Ganpati bappa songs new 

Ganpati bappa viral song 

Ganpati bappa 

cartoon videos 

vfx cartoon 

shiva shiva shiva shiva

shiva bhoot wala 

shiva viral video 

shiva shiva song 

shiva whatsapp status

ganpati bappa magic
ganpati shiva magic
 ganpati bhoot magic
 ganpati bappa magic entry
shiva bhoot cartoon
ganpati bappa ki short video
ganpati bapp magic
 bhoot shiva cartoon
ganpati magic shorts
shiva cartoon ke bhoot
 om namah ganpati bappa
bhoot shiva shiva
shiva cartoon bhoot version
 ganpati bappa song
ganpati bappa gane
ganpati bappa
ganpati bappa animation
ganpati bappa songs
ganpati bappa morya



Next shorts¬† link  :-  https://youtube.com/shorts/qFD2PvvRxVM?feature=share",UCnnD_H3CzyfHu6Zuepn7E8A,vfx shorts¬†ranjeet,2026-01-20T01:40:03Z,https://i.ytimg.com/vi/QH3HqbmhESQ/hqdefault.jpg,23890,236,0,PT22S,2026-01-23T12:10:34.740972,
QB6X3IiRIi8,Mai kaise jiu bhole baba üíîüôèüò≠ #viral #shots #trending #video @ritikashorts70,Mai kaise jiu bhole baba üíîüôèüò≠ #viral #shots #trending #video,UCQeMU1o-aCY_62TWfgRA78g,ritika shorts70,2026-01-19T13:10:19Z,https://i.ytimg.com/vi/QB6X3IiRIi8/hqdefault.jpg,14391,92,0,PT23S,2026-01-23T12:10:34.740976,
u3NqrSM2VHY,‡∞∏‡∞æ‡∞∞‡±ç ‡∞ú‡∞∞‡∞ø‡∞ó‡∞ø‡∞Ç‡∞¶‡∞ø ‡∞è‡∞¶‡±ã ‡∞ú‡∞∞‡∞ø‡∞ó‡∞ø‡∞™‡±ã‡∞Ø‡∞ø‡∞Ç‡∞¶‡∞ø.. ‡∞∂‡∞ø‡∞µ‡∞æ‡∞ú‡±Ä ‡∞≤‡±á‡∞ö‡∞ø ‡∞µ‡±Ü‡∞≥‡±ç‡∞≥‡∞ø‡∞™‡±ã‡∞Ø‡∞æ‡∞°‡±Å | Shivaji Latest News | Aruna Media,"‡∞∏‡∞æ‡∞∞‡±ç ‡∞ú‡∞∞‡∞ø‡∞ó‡∞ø‡∞Ç‡∞¶‡∞ø ‡∞è‡∞¶‡±ã ‡∞ú‡∞∞‡∞ø‡∞ó‡∞ø‡∞™‡±ã‡∞Ø‡∞ø‡∞Ç‡∞¶‡∞ø.. ‡∞∂‡∞ø‡∞µ‡∞æ‡∞ú‡±Ä ‡∞≤‡±á‡∞ö‡∞ø ‡∞µ‡±Ü‡∞≥‡±ç‡∞≥‡∞ø‡∞™‡±ã‡∞Ø‡∞æ‡∞°‡±Å | Shivaji Latest News | Aruna Media 

#shivaji #dhandoraa #dhandoraamovie #anasuya #anasuyabharadwaj #trending #ytshorts #shorts #arunamedia",UChQaHfHt_Bxk5pyDVS2pTTg,Aruna Media,2025-12-26T14:34:47Z,https://i.ytimg.com/vi/u3NqrSM2VHY/hqdefault.jpg,2573100,41704,171,PT11S,2026-01-23T12:10:34.740980,
WIWNgdEgKMo,Har Har Mahadev ‚ù§Ô∏è #mahadev #shorts #bholenath #youtubeshorts #trending #viral #video,"Har Har Mahadev ‚ù§Ô∏è #mahadev #shorts #bholenath #youtubeshorts #trending #viral #video #shivshakti #bhagti #viralshort 

‡§¶‡§ø‡§ñ‡§æ‡§µ‡•á ‡§ï‡•Ä ‡§¶‡•Å‡§®‡§ø‡§Ø‡§æ üåç ‡§∏‡•á ‡§¶‡•Ç‡§∞ ‡§∞‡§π‡•á ‡§π‡§Æ ‡§Æ‡§π‡§æ‡§¶‡•á‡§µ ‡§ï‡•á ‡§®‡§∏‡•á ‡§Æ‡•á‡§Ç ‡§ö‡•Ç‡§∞ ‡§∞‡§π‡•á

Har Har Mahadev video
Mahadev shorts
Mahadev video shorts
Bhagat Mahadev 
Mahakal Shakti 
Mahakal Bhagat 
Mahakal ke SHIWAM‚Äôs
Mahakal video
Mahakal shorts Mahadev
Bholenath shorts
Bholenath video
Bholenath bhgat
Bholenath sakti
Bholenath ke diwane

#mahadevbhakt 
#shivshakti 
#bholenathstatus 
#mahakaleshwar 
#shortmahadev #bholenathji #mahadevvideo #viralshort #rishifilipper",UC1DbhOwy0P7rmRuQSgnyCYw,rishifilipper,2026-01-21T00:50:43Z,https://i.ytimg.com/vi/WIWNgdEgKMo/hqdefault.jpg,4161,51,1,PT31S,2026-01-23T12:10:34.740984,
qFD2PvvRxVM,Ganpati Bappa Magic üò± Shiva Cartoon üî• Vfx video #shortsfeed #trending #ganpati #ganesh #vfx #shorts,"Ganpati Bappa Magic üò± Shiva Cartoon üî• Vfx video #shortsfeed #trending #ganpati #ganesh #vfx #shorts











#ganpati #ganesh #ganpatibappamorya #ganpatifestival #ganeshchaturthi #ganpatibappasong #youtubeshorts #shortvideo #youtubeshort #youtubeshorts #cartoon #shortsfeed #shortvideo #shortsviral #shortsvideos #vfx #vfxcartoon #vfxqueen #vfxshorts  #shortvideo #trendingshorts #trend #trendingreels #viralreels #shiva #shivacartoon #shivashiva #cartoonvideo 




@AkashKumarVfx22  


@AnimensionToto  


@vfxqueen  


@VFXSIMA  


@vfxhd  


@vfxmagictv1  


@Vfxravina  


@vfxmantubarman  


@YouTube


@MotuPatluTV  


@shivacartoon7615



this short is Not for Children

your queries 

shiva  
shiva shiva  
shiva cartoon  
shiva shiva shiva shiva  
shiva wale cartoon  
shiva wala cartoon  
shiva shiva cartoon  
ÏÇ¨Î∞î  
ganpati wala
 shiva shiva shiva shiva  
shiva cartoon shiva cartoon
shiva wala  
shiva shiva shiva  
‡§∂‡§ø‡§µ‡§æ  
shiva shiva shiva shiva  
cartoon shiva  
‡§∂‡§ø‡§µ‡§æ  
‡§∂‡§ø‡§µ‡§æ ‡§∂‡§ø‡§µ‡§æ  
‡§∏‡§ø‡§µ‡§æ  
cartoon shiva
shiva cartoon  
shiva ka cartoon  
shiva bhoot  
shiva ke cartoon  
‡§∂‡§ø‡§µ‡§æ ‡§ï‡§æ‡§†‡•Ç‡§£  
shiva shiva shiva shiva shiva‚Ä¶  
shiva cartoon shiva  
shiva shiva shiva shiva shiva shiva  
shiva cartoons  
‡§∂‡§ø‡§µ‡§æ


shiva shiva cartoon song 

Ganpati bappa songs new 

Ganpati bappa viral song 

Ganpati bappa 

cartoon videos 

vfx cartoon 

shiva shiva shiva shiva

shiva bhoot wala 

shiva viral video 

shiva shiva song 

shiva whatsapp status

ganpati bappa magic
ganpati shiva magic
 ganpati bhoot magic
 ganpati bappa magic entry
shiva bhoot cartoon
ganpati bappa ki short video
ganpati bapp magic
 bhoot shiva cartoon
ganpati magic shorts
shiva cartoon ke bhoot
 om namah ganpati bappa
bhoot shiva shiva
shiva cartoon bhoot version
 ganpati bappa song
ganpati bappa gane
ganpati bappa
ganpati bappa animation
ganpati bappa songs
ganpati bappa morya",UCnnD_H3CzyfHu6Zuepn7E8A,vfx shorts¬†ranjeet,2026-01-18T01:41:10Z,https://i.ytimg.com/vi/qFD2PvvRxVM/hqdefault.jpg,29064,223,1,PT21S,2026-01-23T12:10:34.740988,
#NAME?,Instagram Trending Ai Shiv Shankar Reels Create | Ai Bholenath Video Editing | Viral Ai Video Create,"Instagram Trending Ai Shiv Shankar Reels Create | Ai Bholenath Video Editing | Viral Ai Video Create
#trendingvideo #create #aivideo

Trending Ai Video Create | bholenath ai video create | viral AI video generate | Instagram ai reels edition 

Telegram join üï≥Ô∏è 
1.https://t.me/lavprajapat


Instagram join üí° 
2.https://www.instagram.com/channel/AbbTyE-uRHl2Jqry/?igsh=ZTBjcjM1MjdscHRm


Welcome to Gboard clipboard, any text you copy will be saved here.

#aivideo #ai #aiart #create 

Your Question üîç

bholenath ai video kaise banaye
bhagwan ki ai video kaise banaen
ai video kaise banaye bhagwan
bholenath video editing alight motion
bholenath video editing capcut
bholenath video editing song
bholenath video editing scanner
bholenath video editing
vn bholenath video editing
bholenath ki video editing kaise kare
bholenath status video editing alight motion
bholenath ki video editing
bholenath short video editing
ai video generator free
ai video generator malayalam
ai video generator tamil
ai video generator app
ai video generator image to video
ai video generator free app
ai video generator free mobile
ai video generator free website
ai video ai video generator free
ai video generator telugu
instagram trending ai shiv shankar video editing
instagram trending ai shiv shankar video kaise banaye
instagram trending ai shiv shankar video editing tamil
instagram trending ai shiv shankar video editing telugu
instagram trending ai video editing shiv shankar 
instagram trending ai video shiv shankar create 
instagram trending ai bholenath video prompt
instagram trending ai video generator
instagram trending ai video malayalam
instagram trending ai video



#generatedart #aivideo #ai #aiart #chatgpt 
#viralvideos #instagram #trending",UC93-cDgPMx2oe3YzYdLMnvw,SIKHO_NEW TRIC.2.0,2025-12-27T13:59:00Z,https://i.ytimg.com/vi/-uWP_qQwuPA/hqdefault.jpg,17869,400,21,PT8M17S,2026-01-23T12:10:34.740993,
_wL3W3WFGFg,Very Special Trending Funny Comedy Video 2026 üòÇAmazing Comedy Funny Video Episode 366 Busy Fun Ltd,"Hello Dear Viewers,
This is a funny videos channel. We make funny videos in our village. Because We are live in village.
All videos are shoot in village side.
some time we make prank with public and our friends.

Disclaimer:
‚ÄúNo people or animals were harmed in the making of this video. All action scenes were performed by professionals.‚Äù

Director - Mithon
Script Writer -  Mithon & Mizanur
Producer -  Mithon 
Camera Man -  Mithon
Editor -  Sumi

Actors -  Mithon, Mizanur, Shahin, DJ Jejar, maruf, alim,

DISCLAIMER NOTICE: 

Music: YouTube Free Audio Music Library",UCkKDpnzIG29MA--Sh6oOtWg,Busy Fun Ltd,2026-01-17T06:33:38Z,https://i.ytimg.com/vi/_wL3W3WFGFg/hqdefault.jpg,1366341,4267,100,PT8M28S,2026-01-23T12:10:34.740997,
CwUlg3IoGRA,Instagram trending god reels editing üî•| Gods in car video | Bhagwan ji car trend | God in car edit,"Bhagwan Ji In Car Driving Video Edit | God Support In Car Trend | Gemini AI Viral Reel Kaise Banaye

Prompt  :-

Create a highly realistic, cinematic image using my uploaded photo as the main character.
Scene: A powerful Indian spiritual scene with a black Mahindra Thar SUV driving on a divine road in the sky.
Lord Shivji is driving the Thar confidently, holding the steering wheel, calm and powerful. I am sitting beside Shivji in the front seat, looking respectful and peaceful.
In the back seat, Lord Ganesha and Lord Krishna are sitting gracefully, glowing with divine light.
The car is surrounded by soft clouds, golden sunlight, and a spiritual aura.
Keep my face 100% same as the uploaded photo ‚Äî no change in facial structure.
Make everyone look realistic, divine, and respectful (not cartoon).
Ultra-realistic, high detail, cinematic lighting, 4K quality, shallow depth of field, epic and devotional mood.
Indian spiritual vibe, peaceful expression, majestic atmosphere



üëâ Don‚Äôt forget to Like üëç, Share üì≤, and Subscribe üîî 


üì• My Telegram Channel

üì≤ Link: [ https://t.me/Gabbargaming6393 ]

üìå Search on Telegram: [ Gabbargaming6393 ]

Whatsapp Channel  :- https://whatsapp.com/channel/0029Va9mvizEgGfW8vxCm72P

‚ù§Ô∏è FOLLOW ME ON INSTAGRAM
üì∏ Link: [ https://www.instagram.com/vikasgupta3001?igsh=MTAzZGw0M2NzYzh6NA== ]

üé• SUBSCRIBE TO MY SECOND CHANNEL
üìπ Link: [ https://youtube.com/@ViToHelp?si=BAjmasgu2eq-tRE6 ]

üìß For Sponsorship & Business Enquiries
‚úâÔ∏è Contact: [viku6393@gmail.com]



 Topics Covered in This Video:
instagram trending god reels editing
god in car
gods in car video
gods in car reel
god driving car
trending god ai video
god ai video kaise banaye
god reels instagram
gods ina car video
gods driving car
gods driving video
gods in car
trending god reels
bhagwan ji car trend
god in car video
instagram trending god reels
trending god reels editing
ai god video
bhagwan ji in car video
god car video
god in car ai video
god in car template
god in car viral video
gods in car ai video
instagram trending reels editing
new trending god video
trending god video editing
ai god video kaise banaye
bhagwan ai video
bhagwan ai video kaise banaye
bhagwan in car
bhagwan ji in car
bhagwan ji in car trend
bhagwan ki ai video kaise banaen
bhagwan ki video
bhagwan ki video kaise banaen
car driving edit
car reel edit
gemini ai se video kaise banaye
gemini me video kaise banaye
god ai video
god car driving
god car trend
god driving
god in car trend video
god in car trending reels
god riding car
gods ai video

Hashtags:
#GodInCar
#BhagwanInCar
#GodSupport
#ShivJi
#Bholenath
#GodDriving
#ViralReels
#InstagramTrend
#aipromptYouTubeShorts 
#GeminiAI
#AIVideo
#TrendingReel
#BhagwanVideo
#GodTrend
#vieditor 

Instagram trending god reels editing üôè | Gods in car video | bhagwan ji car trend | god in car edit


üìú DISCLAIMER:
Copyright Disclaimer under Section 107 of the Copyright Act 1976 allows for ""fair use"" for purposes such as criticism, comment, news reporting, teaching, scholarship, education, and research. Fair use is a use permitted by copyright statute that might otherwise be infringing.",UCcrG0i598IyKc3XiTxgu4Ag,Vi Editor,2026-01-11T09:08:04Z,https://i.ytimg.com/vi/CwUlg3IoGRA/hqdefault.jpg,3764,0,14,PT3M16S,2026-01-23T12:10:34.741001,
bjv8f17FoPc,#1m#1k#bhakti#god#devotional#telugu#lord#india#facts#shiva#trending#viral#video#shorts#hindu#ram#jai,‡∞ó‡∞∞‡±ç‡∞≠‡∞Ç ‡∞∞‡∞æ‡∞µ‡∞°‡∞æ‡∞®‡∞ø‡∞ï‡∞ø ‡∞∏‡∞∞‡±à‡∞® ‡∞µ‡∞Ø‡∞∏‡±Å ‡∞§‡±Ü‡∞≤‡±Å‡∞∏‡∞æ??üôèüôèüôèüôèüôè,UCmx7V6NCAey_qO-Xx5MImgg,Ismart Hansi,2026-01-18T03:45:03Z,https://i.ytimg.com/vi/bjv8f17FoPc/hqdefault.jpg,1207134,0,0,PT7S,2026-01-23T12:10:34.741005,
JiwDp5pnLMM,‡∞ó‡±ä‡∞Ç‡∞§‡±Å ‡∞Æ‡±Ä‡∞¶ ‡∞ï‡∞æ‡∞≤‡±á‡∞∏‡∞ø ‡∞§‡±ä‡∞ï‡±ç‡∞ï‡±Å‡∞§‡∞æüò≤üî•: Shivaji Solid Reply To Lady Reporter Question About His Intention Women,"#shivaji #nidhhiagerwal #samantha 
Watch Here: ‡∞ó‡±ä‡∞Ç‡∞§‡±Å ‡∞Æ‡±Ä‡∞¶ ‡∞ï‡∞æ‡∞≤‡±á‡∞∏‡∞ø ‡∞§‡±ä‡∞ï‡±ç‡∞ï‡±Å‡∞§‡∞æüò≤üî•: Actor Shivaji Solid Reply To Lady Reporter Question About His Intention On Women

#trending #trend #trendingshorts #trendingvideo #trendingreels #ytshorts #yt #ytshort #ytviral #shortvideo #shorts #short #shortsfeed #shortsvideo #shortsviral #shots #trending #trendingsong #trendingnow #trendingshort #ytshortsvideo 
Actor Shivaji Solid Reply To Lady Reporter Question About His Intention On Women,Actor Shivaji Solid Reply To Lady Reporter,Shivaji Vs Reporter,Actor Shivaji Given Reply To Reporter About His Statement On Women,Actor Shivaji Press Meet About His Statement On Women,Actor Shivaji,Dandora Movie Press Mee, Shivaji Solid Reply To Lady Journalist Question About Women Dressing,Shivaji Strong Counter To Reporter,Shivaji Press Meet,Shivaji,Dandora Movie Press Meet,Dandora Movie Songs,Dandora Movie Trailer,Shivaji About Nidhi Agarwa

‚òõ Please SUBSCRIBE us:  https://www.youtube.com/@EverydayshowTelugu/videos

 Stay Updated! üîî


Everyday Show is one Destination For All Kind Of videos in Telugu Such As Latest Telugu News And Tollywood News Updates, 
Movie Trailers, Audio Launch, Pre- Releases, Celebrity News & Updates, Political News. 
In A Nutshell Whole Entertainment & Political Updates At One stop.  Keep On supporting Us With Your Good Wishes.
 For Any FREE Promotions Please Contact Us",UCQ596gwldwHJX2OSAtWljew,Everyday Show,2025-12-25T16:24:34Z,https://i.ytimg.com/vi/JiwDp5pnLMM/hqdefault.jpg,1308280,33019,402,PT2M12S,2026-01-23T12:10:34.741010,
0377xaPmv4c,Lord Shiva new Telugu trending videos#ytshorts  #youtubeshorts #shorts #reels #status #trandy Telugu,"Lord Shiva new Telugu trending videos#ytshorts  #youtubeshorts #shorts #reels #status #trandy Telugu God's songs 
#devtional Telugu trending songs 
#bakthi Telugu trending songs 
#Shorts feed
#subscribe",UCsHzMFDhIiH8-Gh0nJvH3nw,LAXMI SAI KIRAN ,2026-01-19T10:31:23Z,https://i.ytimg.com/vi/0377xaPmv4c/hqdefault.jpg,8227,650,8,PT14S,2026-01-23T12:10:34.741014,
wXUtMSX4-0Y,üá∫üá∏USA AI VIDEO KAISE BANAYE ?| USA channel Kaise banaen| Trending USA Channel Strategy 2025,"üá∫üá∏USA AI VIDEO KAISE BANAYE ?| USA channel Kaise banaen| Trending USA Channel Strategy 2025


telegram channel link - https://t.me/shiva19p
Instagram - Epic_shivaji



your queries -
USA video kaise banaye
USA AI VIDEO KAISE BANAYE 
USA channel kaise banaye
USA shorts kaise banaye
USA trending shorts 2025
USA me viral videos kaise banaye
USA audience kaise laye YouTube
USA trending shorts India se
YouTube USA channel grow kaise kare
USA videos India me baith kar kaise banaye
USA viral shorts strategy
USA faceless channel kaise banaye
USA niche ideas 2025
USA trending channel example
USA shorts viral trick
YouTube USA RPM benefits
USA shorts copy paste strategy
USA trending content source
US audience targeting tutorial
How to get USA traffic on YouTube from India
USA trending shorts
USA viral videos
USA YouTube channel guide
USA target country trick
USA bots vs organic audience
USA audience gain formula
USA niche 2025 full guide
USA short video SEO
How to grow USA shorts
Best USA shorts channel idea
YouTube USA viral 
USA shorts 10M views method
USA trending videos everyday
USA faceless shorts channel
USA content viral method
US trending videos today
USA shorts content ideas
How to make USA videos in India
Best USA shorts category
Viral USA compilation shorts
USA facts shorts viral
USA motivation shorts
USA comedy shorts trending
Earn from USA audience
US target channel 2025

#usachannel #usashorts #epicshivaji #ai #copypastechannel #shortvideos",UCr9_Qk2qG008NKMPA7myAtA,Epic shivaji,2025-12-28T05:02:19Z,https://i.ytimg.com/vi/wXUtMSX4-0Y/hqdefault.jpg,48972,1769,220,PT15M47S,2026-01-23T12:10:34.741018,
qY-9FDW7tdY,Tagdi (Official Video) - Shiva Choudhary | New Haryanvi DJ Songs 2026,"Tagdi (Official Video) - Shiva Choudhary | New Haryanvi DJ Songs 2026
Tagdi (Official Video) - Shiva Choudhary | New Haryanvi DJ Songs 2026

Shiva Choudhary Presents official video of this new haryanvi songs ""TAGDI"". Sung by Shiva Choudhary. Lyrics of this new haraynvi song is penned by DK Sharma Buwana & Music is hiven by Ishant Rahi. This new haryanvi song is directed by Yugal Choudhary & Sagar Dhupar.

#Tagdi #ShivaChoudhary #NewHaryanviSongs
#LatestHaryanviSongs #NewSongs #NewDJSongs
#NewHitSongs #DKSharmaBuwana #IshantRahi
#ShivaChoudharySongs #HaryanviSongs

üé∂ Streaming Link - https://VirginMusicGroup.lnk.to/TagdiLaaniPadegi

Song - TAGDI
Singer - Shiva Choudhary
Lyrics/Composer:-DK Sharma Buwana
Music:-Ishant Rahi

Video Credits:-
Directed by:-Yugal Choudhary, Sagar Dhupar
Dop -Jass Sudan
Editor- Bharat Mittal
Art Work-Rahul Singh
Food-Sanjay Baba
Publicity design - Ankusheffectx
Costume - Rajat Manchanda
Light Equipments-Sengar Films
Makeup - Neeraj Makeovers
Still- Jaskaran Singh
Line Producer:- Rohit Mantro
Project by- Bittu Media
Choreographer :- Rekha 
Ast choreographer :- ginni Bhola
Dancer :- Team sandy
Special Thanks:-Gagan kaith, Mukesh
Team Shiva Choudhary:-Happy Dharsul, Ankush

Digital Partner - Bounce Digital


New Haryanvi song, latest haryanvi song, Haryanvi songs of 2026, new haryanvi songs haryanavi 2026, new haryanvi songs 2026, latest harynavi songs 2026, haryanvi song 2026, haryanvi songs haryanavi dj, dj songs,new song,haryanvi dj songs,haryanvi gaane, latest haryanvi songs,  new haryanvi song 2026, latest haryanvi song 2026

Subscribe for Latest Updates üîî
 
All Rights Reserved ¬©Ô∏èShiva Choudhary",UCByZrhLzxWPtwr80XXAWLqA,Shiva Choudhary,2026-01-22T11:48:03Z,https://i.ytimg.com/vi/qY-9FDW7tdY/hqdefault.jpg,40898,1134,60,PT2M39S,2026-01-23T12:10:34.741022,
xk1jETsrdDA,‡§¶‡•á‡§ñ‡§≤‡§ø‡§Ø‡•ã ‡§ü‡§æ‡§¨‡§∞ || Funny video || Viral video || Shiva ki comedy video || trending video,,UC-ADYx1WHlgh0VK2ENIz_NQ,SHIVA KI COMEDY ,2026-01-22T14:12:11Z,https://i.ytimg.com/vi/xk1jETsrdDA/hqdefault.jpg,9877,314,7,PT1M28S,2026-01-23T12:10:34.741026,
jRT-hgrz4Tc,‡§ú‡•ã ‡§ñ‡•Å‡§¶ ‡§ï‡•ã ‡§¨‡§¶‡§≤ ‡§≤‡•á ‡§â‡§∏‡§ï‡§æ ‡§≠‡§µ‡§ø‡§∑‡•ç‡§Ø ‡§ñ‡•Å‡§¶ ‡§¨‡§¶‡§≤ ‡§ú‡§æ‡§§‡§æ ‡§π‡•à.!‚ú®‚òòÔ∏èü§î#motivation#Mahadev#shorts#viralvideoüò∞üéã,"‡§ú‡•ã ‡§ñ‡•Å‡§¶ ‡§ï‡•ã ‡§¨‡§¶‡§≤ ‡§≤‡•á ‡§â‡§∏‡§ï‡§æ ‡§≠‡§µ‡§ø‡§∑‡•ç‡§Ø ‡§ñ‡•Å‡§¶ ‡§¨‡§¶‡§≤ ‡§ú‡§æ‡§§‡§æ ‡§π‡•à.!‚ú®‚òòÔ∏èü§î#motivation#Mahadev#shorts#viralvideoüò∞üéã


Bholebaba Status 
Shiv status for WhatsApp 
Mahakal Status 
Mahadev ki status 
Mahakal Ki status 
Shiv Ji bhagwan status 
Lord Shiva WhatsApp status 
Status 
Mahadev WhatsApp status 
Mahadev 4kStatus 
Mahadev song 
Mahadev New Trending song 


#mahadev #bholenath #mahakal #mahadevstatus  #mahakalstatus #creativenakul #bholenathwhatsappstatus #harharmahadev #shivshankar #shiv #whatsappstatus #shorts #viral #trending #shivji #sho #short #mahaadev #shivshakti #creativenakul #motivationalquotes #motivation#svnation#hindudeity  #premanandjimaharaj #premanandjipravachan 


 .....
---------------------------------------------------------------------------------------------------------------------------------------------------------------------

Disclaimer:-üëáüëá
Under Section 107 of the Copyright Act 1976, allowance is made for ""fair use"" for purposes such as criticism, comment, news reporting, teaching, scholarship, and research. Fair use is a use permitted by copyright statute that might otherwise be infringing. Non-profit, educational or personal use tips the balance in favor of fair use.


General Disclaimer:
All references to deities and spiritual figures in this video are used only for inspirational and motivational purposes. The dialogues and messages are creative representations meant to encourage positive thinking. This content is not intended to provide religious teachings or personal advice. Viewers should use their own discretion. The channel is not responsible for any misinterpretation or misuse of the content.


Har Har Mahadev ‚ù£Ô∏èüî±üå∫üåø",UCI_EI9QhxZ3pTKaTENIZhXQ,Wisdom GK Study 357M,2026-01-20T12:05:44Z,https://i.ytimg.com/vi/jRT-hgrz4Tc/hqdefault.jpg,28574,1512,13,PT47S,2026-01-23T12:10:34.741030,
B5BCG6FlgYk,Monday Peace with Mahadev üî± Mahadev Status Video ! #mahadev #shiv #trending #shorts,"Monday Peace with Mahadev üî± Mahadev Status Video ! #mahadev #shiv #trending #shorts

üî± Mahadev Monday Special | Har Har Mahadev üî±

‡§∏‡•ã‡§Æ‡§µ‡§æ‡§∞ ‡§ï‡§æ ‡§¶‡§ø‡§® ‡§î‡§∞ ‡§Æ‡§π‡§æ‡§¶‡•á‡§µ ‡§ï‡§æ ‡§®‡§æ‡§Æ ‚Äî ‡§á‡§∏‡§∏‡•á ‡§¨‡§°‡§º‡§æ ‡§∏‡•Å‡§ï‡•Ç‡§® ‡§ï‡•Å‡§õ ‡§®‡§π‡•Ä‡§Ç üïâÔ∏è
‡§Ø‡§π ‡§∂‡•â‡§∞‡•ç‡§ü ‡§™‡•Ç‡§∞‡•Ä ‡§§‡§∞‡§π ‡§≠‡§ï‡•ç‡§§‡§ø, ‡§∂‡•ç‡§∞‡§¶‡•ç‡§ß‡§æ ‡§î‡§∞ ‡§Ü‡§∏‡•ç‡§•‡§æ ‡§∏‡•á ‡§¨‡§®‡§æ‡§Ø‡§æ ‡§ó‡§Ø‡§æ ‡§π‡•à‡•§
‡§Æ‡§π‡§æ‡§¶‡•á‡§µ ‡§ï‡•Ä ‡§∂‡§∞‡§£ ‡§Æ‡•á‡§Ç ‡§ú‡•ã ‡§ó‡§Ø‡§æ,
‡§â‡§∏‡§ï‡§æ ‡§π‡§∞ ‡§¶‡§∞‡•ç‡§¶, ‡§π‡§∞ ‡§ö‡§ø‡§Ç‡§§‡§æ ‡§∏‡•ç‡§µ‡§§‡§É ‡§∂‡§æ‡§Ç‡§§ ‡§π‡•ã ‡§ó‡§à‡•§
üôè ‡§π‡§∞ ‡§π‡§∞ ‡§Æ‡§π‡§æ‡§¶‡•á‡§µ | ‡§ú‡§Ø ‡§≠‡•ã‡§≤‡•á‡§®‡§æ‡§• | ‡§ú‡§Ø ‡§∂‡•ç‡§∞‡•Ä ‡§Æ‡§π‡§æ‡§ï‡§æ‡§≤ üôè

mahadev status video
mahadev sad status
shiv bhajan status
kedarnath status
somvar shiv status
mahakal tandav status
bholenath status
mahadev sawan status
shiv parvati love status
mahadev status new 2025
mahadev status 4k full screen

üìå Subscribe for more divine Mahadev shorts ü§ó

#mahadev 
#monday 
#bholenath 
#mahakal 
#shivbhakti 
#shivshankar 
#harharmahadev 
#kedarnath 
#ujjainmahakal 
#mondayvibes 
#shortvideo 
#shortfeed
#hindudeity 
#shorts 
#sanataniaadhya 

üî± Disclaimer
Video, visuals & editing are fully created by Sanatani Aadhya with pure devotional intent.
All scenes are self-created & spiritually inspired.
¬©Ô∏è @SanataniAadhya-111  ‚Äî All Rights Reserved
üö´ Unauthorized reupload or use is strictly prohibited.",UCVxpO9m05UPKufggEQB_KfA,Sanatani Aadhya,2026-01-11T23:30:09Z,https://i.ytimg.com/vi/B5BCG6FlgYk/hqdefault.jpg,49866,0,38,PT13S,2026-01-23T12:10:34.741035,
Nzra1-nwtVY,‡∞à ‡∞ü‡∞æ‡∞∞‡±ç‡∞ö‡∞∞‡±ç ‡∞≠‡∞∞‡∞ø‡∞Ç‡∞ö‡∞≤‡±á‡∞®‡±Å: Anasuya Crying Video | Trolls On Anasuya | Shivaji Anasuya Controversy Episode,"‡∞à ‡∞ü‡∞æ‡∞∞‡±ç‡∞ö‡∞∞‡±ç ‡∞≠‡∞∞‡∞ø‡∞Ç‡∞ö‡∞≤‡±á‡∞®‡±Å: Anasuya Crying Video | Trolls On Anasuya | Shivaji Anasuya Controversy Episode | @SakshiTV 
#Bojjasandhyareddy  #AnasuyaCryingVideo  #AnasuyaTrolls  #AnasuyaPoliceComplaint   #Shivaji #ActorShivaji   #ShivajiVsAnasuya  #SakshiTV 
Sakshi Big Question üëâ https://tinyurl.com/454hxh6e

Watch Sakshi TV LIVE - https://youtu.be/9kCcUipLPJM

Watch Sakshi TV, around-the-clock 'Telugu News' station, bringing you the first account of all the latest news online from around the world including breaking news, exclusive interviews, live reports, sports update, weather reports, business trends, entertainment news, and stock market news. 
  
                                     -----*****-----

For the latest news & updates: Subscribe :
--
Subscribe  us @ : http://goo.gl/wD6jKj
Visit us @ http://www.sakshi.com
Like us on https://facebook.com/sakshitv
Follow us on https://whatsapp.com/channel/0029VaAuOfT2UPBOpKKkUX3K",UCZ9m4KOh8Ei60428xeGYDCQ,Sakshi TV,2026-01-18T02:27:22Z,https://i.ytimg.com/vi/Nzra1-nwtVY/hqdefault.jpg,25193,118,110,PT3M2S,2026-01-23T12:10:34.741039,
oyrEA4tJVnA,‡§≠‡§ï‡•ç‡§§‡§ø ‡§µ‡•Ä‡§°‡§ø‡§Ø‡•ã ‡§ó‡§£‡•á‡§∂‡§ú‡•Ä ‡§ï‡§æ ‡§ö‡§Æ‡§§‡•ç‡§ï‡§æ‡§∞#shots #ganesh #bajrangbali #shivji #krishna #bhakti,"‡§ó‡§£‡•á‡§∂ ‡§ú‡•Ä ‡§ï‡§æ ‡§≠‡§ï‡•ç‡§§‡§ø ‡§µ‡•Ä‡§°‡§ø‡§Ø‡•ã ‡§Ö‡§ö‡•ç‡§õ‡§æ ‡§≤‡§ó‡§æ ‡§∏‡§¨‡•ç‡§∏‡§ï‡•ç‡§∞‡§æ‡§á‡§¨ ‡§ú‡§∞‡•Ç‡§∞ ‡§ï‡§∞‡•á‡§Ç ‡§ê‡§∏‡•á ‡§π‡•Ä ‡§∞‡•ã‡§ú ‡§µ‡•Ä‡§°‡§ø‡§Ø‡•ã ‡§¶‡•á‡§ñ‡§®‡•á ‡§ï‡•á ‡§≤‡§ø‡§è ‡§π‡§Æ‡•á‡§Ç ‡§∏‡§¨‡•ç‡§∏‡§ï‡•ç‡§∞‡§æ‡§á‡§¨ ‡§î‡§∞ ‡§≤‡§æ‡§á‡§ï ‡§ú‡§∞‡•Å‡§∞ ‡§ï‡§∞‡•á‡§Ç ‡§≠‡§ï‡•ç‡§§‡§ø ‡§µ‡•Ä‡§°‡§ø‡§Ø‡•ã ‡§¶‡•á‡§ñ‡§®‡•á ‡§ï‡•á ‡§≤‡§ø‡§è



#Viral
#ViralVideo
#Trending
#TrendingReels
#ReelsViral
#ShortsViral
#Bhakti
#BhaktiVideo
#SanatanDharm
#AIvideo
#AIbhakti",UCJYkFKsamWsSfcm0mg5duDQ,ajay nishad,2026-01-20T00:54:29Z,https://i.ytimg.com/vi/oyrEA4tJVnA/hqdefault.jpg,44237,0,6,PT18S,2026-01-23T12:10:34.741043,
TnqSV_Ucurk,Kaise Ho (Official Video) Bintu Pabra | Pranjal Dahiya | Shiva Choudhary | New Haryanvi Song 2026,"Kaise Ho (Official Video) Bintu Pabra | Pranjal Dahiya | Shiva Choudhary | New Haryanvi Song 2026

Nav Haryanvi Presenting ""Kaise Ho (Official Video)‚Äù a New Haryanvi Songs Haryanavi 2026. Sung by Bintu Pabra & Shiva Choudhary. Starring with Pranjal Dahiya. Lyrics are Penned by Bintu Pabra. Music given by Bamboo Beat. Music Label by Nupur Audio.

Susbscribe  @NavHaryanvi  

#kaiseho #bintupabra #pranjaldahiya #shivachoudhary #navharyanvi #haryanvi #haryanvisong #haryanvisongs #haryanvisongsharyanavi #haryanvigane #newharyanvisong #latestharyanvisong #hrsong #newharyanvisongsharyanavi2026 

Song - Kaise Ho (Official Video)
Singer - Bintu Pabra & Shiva Choudhary
Lyrics / Composer - Bintu Pabra
Music - Bamboo Beat
Starring - Pranjal Dahiya
Director - Hitesh Arora
Dop - Jason numberdar 
Choreographer - Sumit Kumar 
Art Director - Karma Arts 
Editor - Gurjaan Rukh 
Asst Director - Neeraj Charan & Chaand kashyap 
Director Hitesh Arora
Design - Gopi Baath

Producer - Kshitij Gupta
Label - Nupur Audio
Presenting Label - Nav Haryanvi

Online/Digital Promotion - Navi Baadliwal (9910117138)
Reels Promotion - Reels Factory

LOVE !! LIKE !! COMMENTS !! SUBSCRIBE

For Song Releasing & Any query
Company Contact No. - +917042509060
E-Mail ID : navharyanvi@gmail.com
Subscribe Channel - https://www.youtube.com/c/NavHaryanvi

Connect with Our Social Accounts
Subscribe Our Channel on YouTube : https://goo.gl/hWsYba
Like Us on Facebook : https://www.facebook.com/navharyanvi
Follow Us on Instagram : https://www.instagram.com/navharyanvi
Tweet Us On : https://twitter.com/HaryanviNav

Kaise Ho (Official Video) Bintu Pabra | Pranjal Dahiya | Shiva Choudhary | New Haryanvi Song 2026",UCbYXVxwDEWc9sIt6yZhweqQ,Nav Haryanvi,2026-01-12T10:30:09Z,https://i.ytimg.com/vi/TnqSV_Ucurk/hqdefault.jpg,5643721,122714,2225,PT3M49S,2026-01-23T12:10:34.741048,
cCh4Po9GSSQ,Sabse Bada Shivling | Viraat Ramayan Mandir Bihar #shorts  #shiv #trending,Sabse Bada Shivling | Viraat Ramayan Mandir Bihar #shorts  #shiv #trending #shiva #omnamahshivaya #bihar #shivratrispecial,UCEi6HMFGL2vz8gOSnl9aAIg,Nainital WaLE,2026-01-17T08:41:09Z,https://i.ytimg.com/vi/cCh4Po9GSSQ/hqdefault.jpg,1260359,29713,814,PT22S,2026-01-23T12:10:34.741053,
82aD90Mehuc,‡§∏‡§∞‡§∏‡•ç‡§µ‡§§‡•Ä ‡§™‡•Ç‡§ú‡§æ | Sarswati Pooja | Dileep Vines |  ‚Å®@AkhijiBhojpuriiComedy | New Comedy Video,"‡§∏‡§∞‡§∏‡•ç‡§µ‡§§‡•Ä ‡§™‡•Ç‡§ú‡§æ | Sarswati Pooja | Dileep Vines |  ‚Å®@AkhijiBhojpuriiComedy‚Å©  | New Comedy Video

Cast:- Dileep Vines, Akhiji, Vikash Yadav, Sandeep Yadav Shiva, Subodh Sugi, Tipu(76Babu), ,Birendra Vishal, Pravesh Yadav, Rahul Prajavanshi, renu raj, patidar prakash

Script:-  Dileep Vines & Akhiji
Director:- Dileep Vines
Camera:- Vikash Yadav
Edit:- Subodh Sugi
Digital:- Vikash Yadav
Thumbnail:- Ranjan Ranjha


Team Instagram

Dileep Vines
https://instagram.com/dileepvines?igs..

Akhiji
https://instagram.com/akhiji01?igshid...

Vikash Yadav
https://instagram.com/vikash91999?igs...

Sandeep yadav shiva
https://instagram.com/sandeepshiva37?...

Tipu {76 Babu}
https://instagram.com/chhihtar_ptp?ig...

Subodh Sugi
https://instagram.com/subodhsugi03?ig...

Birendra Kumar
https://www.instagram.com/birendra_kumar349?utm_source=ig_web_button_share_sheet&igsh=ZDNlZDc0MzIxNw==



Copyright Disclaimer Under Section 107 of the Copyright Act 1976, allowance is made for 'fair use"" for purposes such as criticism, comment, news reporting, teaching, scholarship, and research. Fair use is a use permitted by copyright statute that might otherwise be infringing. Non-profit, educational or personal use tips the balance in favor of fair use. No copyright infringement intended.",UCsMb-MUdhxsUqQNa349ycGg,Dileep Vines,2026-01-17T05:44:11Z,https://i.ytimg.com/vi/82aD90Mehuc/hqdefault.jpg,966718,10960,439,PT25M14S,2026-01-23T12:10:34.741058,
iZHs9nMwZfs,‡§ú‡§Æ‡•Ä‡§® ‡§ï‡•Ä ‡§∞‡§æ‡§° || Funny video || Viral video || Shiva ki comedy || trending video,,UC-ADYx1WHlgh0VK2ENIz_NQ,SHIVA KI COMEDY ,2026-01-21T09:16:00Z,https://i.ytimg.com/vi/iZHs9nMwZfs/hqdefault.jpg,63431,994,3,PT2M57S,2026-01-23T12:10:34.741061,
hb28vdhTXfo,1 January 2026 ! New Year Special ! Mahadev Status Video ! #mahadev #newyear #trending #shorts,"1 January 2026 ! New Year Special ! Mahadev Status Video ! #mahadev #newyear #trending #shorts

‚Äé‚Å®@SanataniAadhya-111‚Å©¬† 

Your Queries:
::::::::::::::::::::::::::::::::::::::::::::::::::::::::

new year mahadev status
mahadev new year wishes
mahadev status 2025
har har mahadev new year
happy new year mahadev
mahakal new year special
mahadev motivation status
mahakal attitude status
lord shiva new year quotes
shiv bhakt status
shiv new year full screen
new year shiv parvati status
mahadev blessing status
bholenath new year video
mahadev whatsapp status
new year mahakal shayari
mahadev short video
2025 shiv status
shiv tandav new year edition
mahadev trending shorts
happy new year shiva status
sanatani new year status
shiv ji ke status
shiv shankar new year wishes
mahakal status new
har har mahadev status 2025
mahadev love status
shiv bhajan status
bholenath bhakt status
shiv shakti status
new year hindu devotional status
sanatani short video
mahadev mantra new year

subscribe _for_moreü§ó

#mahadev #bholenath #shiv #mahadev_status #newyear #trending 
#mahadevkbhakt 
#mahadev_status   
#mahadevlover 
#mahadev_whatsapp_status 
#trendingshorts 
#motivation 
#hindudeity 
#hindugod 
#lordmahadev 
#shortfeed 
#ujjainmahakalstatus 
#kedarnathstutas 
#harharmahadev 
#bholenath_status 
#bholenathkebhakt 
#shivbhaktmahadev 
#shivshakti 
#shivshankar 
#shivshambhu
#sanataniaadhya 
#shortvideo

üî± Video, visuals, and editing are fully created by Sanatani Aadhya with a devotional purpose.
All images and scenes are self-created and spiritually inspired.

¬©Ô∏è @SanataniAadhya-111‚Å©¬† ‚Äì All Rights Reserved
Unauthorized use or reupload is strictly prohibited .",UCVxpO9m05UPKufggEQB_KfA,Sanatani Aadhya,2025-12-30T12:31:07Z,https://i.ytimg.com/vi/hb28vdhTXfo/hqdefault.jpg,67497,0,17,PT16S,2026-01-23T12:10:34.741065,
9rfpgdsTD-g,‡§¶‡•Å‡§®‡§ø‡§Ø‡§æ ‡§ï‡§æ ‡§∏‡§¨‡§∏‡•á ‡§¨‡§°‡§º‡§æ ‡§∂‡§ø‡§µ‡§≤‡§ø‡§Ç‡§ó ‡§ï‡§π‡§æ‡§Ç ‡§∏‡•ç‡§•‡§æ‡§™‡§ø‡§§ ‡§π‡•ã‡§ó‡§æ?ü§î world biggest shivling#facts #shivling #bihar,,UCdZPOzgAk7DFQPpEhWGk02g,Khajana Kisso Kaüí∞,2026-01-16T13:30:16Z,https://i.ytimg.com/vi/9rfpgdsTD-g/hqdefault.jpg,727374,21032,329,PT54S,2026-01-23T12:10:34.741070,
G8lKMvke-7c,jai shree ram// hanuman murti banana video// hanuman murti making shorts#shorts #hanuman#artist#clay,"shankar#artist#shivling#shivratri #mahashivaratri #shivji
#shiva #shivshankar #shortsvideo #shortsfeed #shortsviral
#short #trending #trend #art #artist #clay #clayart
#claycraft #craft #creative #diy #god #murti#ytshorts #yt
#ytshort#youtubeshorts #youtube #subscribe
#subscribers #viralvideo #viralahorts

shivling making at home with mitti
 making at home clay
ice shivling making at home
cement shivling making at home
big shivling making at home
beautiful shivling water fountain making at home
smoke fountain shivling making at home cardboard
how to make shivling at home craft
clay shivling making at home
shivling water fountain making at home
how to make shivling at home for pooja
parthiv shivling making at home
how to make shivling at home by mitti
smoke fountain shivling making at home with clay
clay ganesh making at home with shivling
smoke fountain shivling making at home with cardboard
how to make shivling at home drawing
easy shivling making at home
how to make shivling at home for baby photoshoot
shivling fountain making at home
how to make shivling at home for ganpati decoration
how to make shivling at home for shivratri puja
how to make shivling at home from paper
smoke fountain shivling making at home with mitti
smoke fountain shivling making at home with m seal
smoke fountain shivling making at home in tamil
shivling making in home
mahadev shivling making at home
parad shivling mang uTuI

parad shivling making at home
how to make shivling at home paper
how to make dhoop shivling at home
how to make mud shivling at home
how to make shivling with rock
how to make shivling at home
shivling making at home with clay
shivling waterfall making at home
how to make shivling at home with paper
how to make mini shivling at home
mahadev murti making with clay
mahadev murti making at home
big murti of mahadev
mahadev big murti in india
shiv ji murti making
shiv murti making at home
mahadev murti kaise banaen
mahadev murti wi
shivling stand making at home
how to make shivling at home simple
easy way to make shivling at home
how to make shivling at home without clay
how to make a mini shivling
how to make a shivling at home
shivling made at home
mahadev murti making
shiv ji idol making
mahadev murti mahadev murti

mahadev murti kaise banate hain
mahadev murti in car
half shiv murti in india
lord shiva murti making
adiyogi shiva murti making
mahadev murti for home
shiv parvati murti making at home
shiv parvati murti making with clay
shiv parvati ganesh murti making at home
shiv parvati murti painting
lord shiva idol making
lord shiva idol making at home
mahadev murti in water
shiv murti making
shiv mandir ki murti
how to make murti of shiva
shiv murti with clay
mahadev making at home
mahadev shivling making at home
shiv murti shiv murti
mahadev murti price
shiv parvati murti making
shiv parvati murti making at home easy
shiv parvati murti making for teej
shiv parvati murti making at home for teej
shiv parvati idol making at home
shiv parvati idol making
shiv parvati murti banana
shiv parvati murti rase anae

shiv parvati clay idol
shiv parvati ki murti banana
teej shiv parvati murti making
parvati murti making at home
small shiv parvati murti
shiv parvati marble murti
shiv parvati pital murti
shiv parvati idol making at home
shiv parvati ki ma
ardh shiv parvati murti
ardh shiv parvati drawing
ardhnarishwar shiv parvati drawing
ardh shiv parvati
shiv parvati marble murti
shiv parvati murti painting
shiv parvati murti making
shiv parvati murti making at home
shiv parivar marble murti
shiv parvati ki mitti ki murti
shiv parvati mitti ki murti
mahadev and parvati murti
shiv and parvati murti
jyoti gupta art shiv parvati
shiv parvati ki pratima kaise banaen
mata parvati ki murti kaise banaye
how to make shiv parvati murti at home
mata parvati ki murti kaise banaen
maa parvati murti
shiv parvati ki murti

shiv parvati murti marble
shiv parvati ki murti banana
ardh shiv murti
marble murti shiv parivar
mahakal murti making
bholenath murti
har har mahadev murti
shiv ji idol making
shiv murti making at home
making murti at home
murti making murti making
shiv ji sabse badi murti
mahadev murti mahadev murti
lord shiva idol making at home
lord shiva idol makingb
how to make mahadev murti at home
how to make shiv ji murti with mitti
how to make murrorsTIVa
mahakal murti art
mahakal murti kaise banaen
making mahakal murti
mahakal murti ujain
bholenath murti making
bholenath ki murti kaise banaen
shiv ji murti making
bholenath ki mitti se murti
bholenath murti kawad
adiyogi murti kaise banaen

har har mahadev murti
bholenath ki mitti se murti
shiv ji idol making
shiv murti making at home
making murti at home
murti making murti making
shiv ji sabse badi murti
mahadev murti mahadev murti
lord shiva idol making at home
lord shiva idol makingb
how to make mahadev murti at home
how to make shiv ji murti with mitti",UCUl2IUhcOZBmvnHD2kqsjSA,Artist Saloni ,2026-01-20T02:25:40Z,https://i.ytimg.com/vi/G8lKMvke-7c/hqdefault.jpg,88869,875,2,PT17S,2026-01-23T12:10:34.741074,
je6k8VmWErM,Mahadev status videoüí´ Bholenath status‚òòÔ∏è Mahakal status #mahadev #trending #shorts #mahadevstatus359,"Mahadev status videoüí´ Bholenath status‚òòÔ∏è Mahakal status #mahadev #trending #shorts #mahadevstatus359

mahadev status

mahakal status

bholenath status

mahadev status new

mahadev status instagram

mahadev instagram status

mahadev status full screen

mahadev song status

shiv status
 
mahadev whatsapp status

bholenaath status

kedarnath status

mahadev status 4k hd

mahadev status video

mahadev status 4k 

mahadev status video

mahadev new status

bhole nath status

har har mahadev status

new mahadev status

bholenath status instagram

shiv status for whatsapp

mahadev full screen status

mahadev love status

mahadev status new 2026

instagram mahadev status

mahadev reels

mahadev status 4k

mahadev instagram reels

status mahadev

mahakal whatsapp status

bholenath song status

bholenath status full screen

shiv ji status

mahadev status instagram reels

‡§Æ‡§π‡§æ‡§¶‡•á‡§µ ‡§∏‡•ç‡§ü‡•á‡§ü‡§∏

shiv ji ke status

mahadev ka status

mahadev status new instagram

mahadev songs

mahadev status reels

mahadev whatsapp status full screen

bholenath ke status

bholenath ke status

mahadev status full screen 4k

mahadev

mahakal song

mahakal new status

bholenath whatsapp status

mahadev status

mahakal status new

mahadev ke status

mahadev tatus

mahakal instagram status

mahakal ke status

bholenath new status

mahakal status full screen

bholenath instagram status

mahadev short video

mahadev status hindi song

mahakal status 2026

shiv whatsapp status

mahadev latest status

mahadev status video instagram

shiv ji status full screen

shiv status full screen

status video for whatsapp

har har  mahadev status

mahadev na status

mahadev special status

mahakal 4k full screen status

mahakal new status 2026

mahakal tatus

shiv bhole status

bhole baba ke status

bholenath sad status

bholenath status 2026

jai mahakal status

lord shiva whatsapp status

mahadev instagram status new

mahadev love status full screen

mahadev shayari status instagram

mahadev status love

mahakal status full screen 

mahakal status

bhole nath ke status

bhole nath whatsapp status

bholenath 4k status

kedarnath

mahadev song status

mahadev sad song status

mahadev status song new

mahadev status video 4k

mahakal full screen whatsapp status

mahakal stutas

shiv bhagwan status 

shiv bhajan status

shiv parvati status instagram

shiv shankar status

shiv status 4k

status mahakal

bhole baba song status

bhole song status

shiv bhagwan status

shiv bhajan status

shiv parvati status instagram

shiv shankar status

shiv status 4k 

song

status mahakal

bhole baba song status

bhole song status

bholenath 4k status full screen

bholenath instagram reels

bholenath ka status video

bholenath ke status video

bholenath love status

bholenath status whatsapp

bholenath video status

#mahadev #bholenath #absmartstatus #shorts",UCATBN1EPLLJIA4OT7qzop7w,Mahadev Status,2026-01-11T06:51:04Z,https://i.ytimg.com/vi/je6k8VmWErM/hqdefault.jpg,16567,751,12,PT13S,2026-01-23T12:10:34.741086,
jprPM0WKoEE,‡§∂‡§ø‡§µ‡§æ ‡§ö‡§∞‡•ç‡§ö‡§æ ‡§≠‡§ú‡§®#bhakti song#short video#trending #Shiv charcha bhajan,,UCIdHJQw-0AEhik494pQgl9A,Ruchi_Dubey,2026-01-18T07:55:10Z,https://i.ytimg.com/vi/jprPM0WKoEE/hqdefault.jpg,17395,143,0,PT25S,2026-01-23T12:10:34.741090,
bMwz0ZJMqfg,powerful god Shiva viral speech shivan trending shorts video #Shiva #motivation,"powerful god shivan viral video trending devotional shorts video 
#shorts 
#trending 
#viral 
#shortsfeed",UCFHxnVLLGCO8pNQl6s-Bdhg,God Is Powerful Leader ,2026-01-20T12:05:02Z,https://i.ytimg.com/vi/bMwz0ZJMqfg/hqdefault.jpg,2328,119,0,PT21S,2026-01-23T12:10:34.741094,
MLaJJhYABbc,"‡§®‡§®‡•ç‡§¶ ‡§Ü ‡§∞‡§π‡•Ä ‡§π‡•à‡§Ç | Part-2 #funny #comedy #tweencraft #viralshorts #,trending #animatedcomedy","‡§®‡§®‡•ç‡§¶ ‡§Ü ‡§∞‡§π‡•Ä ‡§π‡•à‡§Ç | Part-2 #funny #comedy #tweencraft #viralshorts #,trending #animatedcomedy

#shivaofficial_lucknow #tweencraft #shorts #toni #shivaofficial_lucknow #tweencraft #shorts #toni #funny #fun #funnyshorts #funnyvideo #funnycartoon #funnycomedy #funnymemes #ytshorts #viral #humor #freefire #shortvideos #shortcomedy #shortfeed #shortviral #comedy #comedyskits #comedyvideos #comedycartoon #cartoonmovies #cartoon #cartoonvideo #cartooncomedy #popular #popularcomedy #animation #animatedcomedy #animatedcartoon #gadariya #gadariyaki #tween #tweens #tweencraftnew #tweencrafttodi #tweenmuskan #tweenrajesh #tweencraftcartoon #tweencraftcomedy #tweencartoon #tweencomedy #tweentakle #tweentackle #tweengirl #trending #trendingshorts #trendingvideo #trendingcomedy #trendingcartoon #jokes

‡§°‡§ø‡§∏‡•ç‡§ï‡•ç‡§≤‡•á‡§Æ‡§∞ (Disclaimer):
""‡§Ø‡§π ‡§µ‡•Ä‡§°‡§ø‡§Ø‡•ã ‡§ï‡•á‡§µ‡§≤ ‡§Æ‡§®‡•ã‡§∞‡§Ç‡§ú‡§® ‡§î‡§∞ ‡§µ‡•ç‡§Ø‡§Ç‡§ó‡•ç‡§Ø ‡§ï‡•á ‡§â‡§¶‡•ç‡§¶‡•á‡§∂‡•ç‡§Ø ‡§∏‡•á ‡§¨‡§®‡§æ‡§Ø‡§æ ‡§ó‡§Ø‡§æ ‡§π‡•à‡•§ ‡§á‡§∏‡§Æ‡•á‡§Ç ‡§¶‡§ø‡§ñ‡§æ‡§è ‡§ó‡§è ‡§™‡§æ‡§§‡•ç‡§∞, ‡§ò‡§ü‡§®‡§æ‡§è‡§Ç ‡§î‡§∞ ‡§∏‡§Ç‡§µ‡§æ‡§¶ ‡§™‡•Ç‡§∞‡•Ä ‡§§‡§∞‡§π ‡§∏‡•á ‡§ï‡§æ‡§≤‡•ç‡§™‡§®‡§ø‡§ï ‡§π‡•à‡§Ç‡•§ ‡§ï‡§ø‡§∏‡•Ä ‡§≠‡•Ä ‡§µ‡§æ‡§∏‡•ç‡§§‡§µ‡§ø‡§ï ‡§µ‡•ç‡§Ø‡§ï‡•ç‡§§‡§ø, ‡§∏‡•ç‡§•‡§æ‡§® ‡§Ø‡§æ ‡§ò‡§ü‡§®‡§æ ‡§∏‡•á ‡§∏‡§Æ‡§æ‡§®‡§§‡§æ ‡§Æ‡§æ‡§§‡•ç‡§∞ ‡§è‡§ï ‡§∏‡§Ç‡§Ø‡•ã‡§ó ‡§π‡•ã‡§ó‡•Ä‡•§ ‡§á‡§∏ ‡§µ‡•Ä‡§°‡§ø‡§Ø‡•ã ‡§ï‡§æ ‡§â‡§¶‡•ç‡§¶‡•á‡§∂‡•ç‡§Ø ‡§ï‡§ø‡§∏‡•Ä ‡§ï‡•Ä ‡§≠‡§æ‡§µ‡§®‡§æ‡§ì‡§Ç ‡§ï‡•ã ‡§†‡•á‡§∏ ‡§™‡§π‡•Å‡§Å‡§ö‡§æ‡§®‡§æ ‡§®‡§π‡•Ä‡§Ç ‡§π‡•à‡•§ ‡§ï‡•É‡§™‡§Ø‡§æ ‡§á‡§∏ ‡§µ‡•Ä‡§°‡§ø‡§Ø‡•ã ‡§ï‡•ã ‡§Æ‡§®‡•ã‡§∞‡§Ç‡§ú‡§® ‡§ï‡•á ‡§¶‡•É‡§∑‡•ç‡§ü‡§ø‡§ï‡•ã‡§£ ‡§∏‡•á ‡§¶‡•á‡§ñ‡•á‡§Ç ‡§î‡§∞ ‡§∏‡§ï‡§æ‡§∞‡§æ‡§§‡•ç‡§Æ‡§ï ‡§¶‡•É‡§∑‡•ç‡§ü‡§ø‡§ï‡•ã‡§£ ‡§¨‡§®‡§æ‡§è ‡§∞‡§ñ‡•á‡§Ç‡•§""
#shivaofficial_lucknow üòäüòÖü§ë",UCVkyCMWyABXZhML1GHggE7w,Shiva Tweencraft comedy video üòÇ,2026-01-21T07:43:01Z,https://i.ytimg.com/vi/MLaJJhYABbc/hqdefault.jpg,225229,2226,5,PT54S,2026-01-23T12:10:34.741098,
uCXKyP9j2dw,trending video new trending viral #shivling #shiva #mahadev #mahakal#bholenat,,UCQPOLdUXOGXrJaURaKcRJ0g,Rajuranjan_7,2026-01-17T02:46:36Z,https://i.ytimg.com/vi/uCXKyP9j2dw/hqdefault.jpg,16514,2440,64,PT32S,2026-01-23T12:10:34.741104,
Tq2QKyJB0dI,Change by Mahadev ! Mahadev Status Video ! #mahadev #shiv #trending #shotrs,"Change by Mahadev ! Mahadev Status Video ! #mahadev #shiv #trending #shotrs

‡§¨‡§¶‡§≤‡§æ‡§µ ‡§ï‡•Ä ‡§Ü‡§µ‡§æ‡§ú‡§º ‡§®‡§π‡•Ä‡§Ç ‡§π‡•ã‡§§‡•Ä,
‡§™‡§∞ ‡§Æ‡§π‡§æ‡§¶‡•á‡§µ ‡§ï‡•Ä ‡§ï‡•É‡§™‡§æ
‡§∏‡§¨‡§ï‡•ã ‡§¶‡§ø‡§ñ ‡§ú‡§æ‡§§‡•Ä ‡§π‡•à‡•§
‡§π‡§∞ ‡§π‡§∞ ‡§Æ‡§π‡§æ‡§¶‡•á‡§µ üî±

‚Äé‚Å®@SanataniAadhya-111‚Å©¬† 

Your Queries:

mahadev status video,
har har mahadev status,
mahakal status,
bholenath status video,
monday shiv status,
kedarnath status,
shiv bhajan status,
mahadev status 4k,
mahadev status new,
shiv parvati status

Subscribe for more ü§ó

#mahadev 
#harharmahadev 
#bholenath 
#mahakal
#lordshiva 
#shivbhakt 
#mahadevstatus 
#trendingshorts 
#shortfeed
#shorts
#shortvideo 
#sanataniaadhya

üî± Video, visuals, and editing are fully created by Sanatani Aadhya with a devotional purpose.
All images and scenes are self-created and spiritually inspired.

¬©Ô∏è ‚Äé‚Å®@SanataniAadhya-111‚Å©¬† ¬† ‚Äì All Rights Reserved
Unauthorized use or reupload is strictly prohibited .",UCVxpO9m05UPKufggEQB_KfA,Sanatani Aadhya,2026-01-18T07:07:01Z,https://i.ytimg.com/vi/Tq2QKyJB0dI/hqdefault.jpg,28917,0,23,PT13S,2026-01-23T12:10:34.741108,
3mAuHdbrz00,Shiva Jyothi going to hospital for delivery emotional video |films update news ,anchor Shiva Jyothi going to hospital for delivery emotional video,UC4PIHOo3fVk8EbBDj4j0wrg,Films update news ,2026-01-16T07:13:19Z,https://i.ytimg.com/vi/3mAuHdbrz00/hqdefault.jpg,96443,348,0,PT1M22S,2026-01-23T12:10:34.741112,
NxbOV381dDc,Naa Anveshana Latest Video On Garikapati | ‡∞®‡±á‡∞®‡±Å ‡∞¨‡±ç‡∞∞‡∞π‡±ç‡∞Æ‡∞®‡∞ø..‡∞®‡∞æ‡∞™‡±à‡∞®‡±á ‡∞Ø‡±Å‡∞¶‡±ç‡∞ß‡∞Æ‡∞æ!! | Shivaji Issue | BIG TV,"Naa Anveshana Latest Video On Garikapati | ‡∞®‡±á‡∞®‡±Å ‡∞¨‡±ç‡∞∞‡∞π‡±ç‡∞Æ‡∞®‡∞ø..‡∞®‡∞æ‡∞™‡±à‡∞®‡±á ‡∞Ø‡±Å‡∞¶‡±ç‡∞ß‡∞Æ‡∞æ!! | Shivaji Issue | BIG TV
#naanaveshana #garikapati #bigtvtelugudigital 

Big TV Telugu is your go-to destination for the latest in Telugu politics, current affairs, breaking news, exclusive political interviews, and in-depth analysis from the heart of Telangana, Andhra Pradesh, and beyond. 

Beyond politics, we touch on social issues, entertainment, and much more, keeping you entertained and informed. Be the first to know with our quick updates and deep dives into political scenarios. Join discussions, ask questions, and engage directly with us through comments and live sessions. Our commitment to quality journalism ensures you get accurate, timely, and insightful content.

Connect with Us:
üëâ Website: https://www.bigtvlive.com/ 
üëâ Facebook: https://www.facebook.com/BIGTVDigitalNews 
üëâ Twitter: https://x.com/bigtvtelugu 
üëâ WhatsApp: https://whatsapp.com/channel/0029VaAe49e72WTw8YM6zr3q 
üëâ Instagram: https://www.instagram.com/bigtv_telugu 

Subscribe to Big TV Telugu for your dose of authentic, unfiltered Telugu content. Hit the bell icon to never miss an update. Let's grow together as the most informed community in Telugu politics and beyond!",UCiwVefPDI8JWGZPnvb8vgSA,BIG TV Telugu Digital,2026-01-03T11:00:44Z,https://i.ytimg.com/vi/NxbOV381dDc/hqdefault.jpg,146396,1709,964,PT14M8S,2026-01-23T12:10:34.741116,
SICF2s6qpw8,O Na Ramayya | Full Video Song 4K | 2026 | Nalgonda Gaddar Narsanna | Kalyan Keys | Djshiva Vangoor,"O Na Ramayya | Full Video Song 4K | 2026 | Nalgonda Gaddar Narsanna | Kalyan Keys | Djshiva Vangoor
‚îÄ‚îÄ‚îÄ‚îÄ‚îÄ‚îÄ‚îÄ‚îÄ‚îÄ‚îÄ‚îÄ‚îÄ ‚ãÜ‚ãÖ‚òÜ‚ãÖ‚ãÜ ‚îÄ‚îÄ‚îÄ‚îÄ‚îÄ‚îÄ‚îÄ‚îÄ‚îÄ‚îÄ
ùêåùêîùêíùêàùêÇ ùêÇùêëùêÑùêÉùêàùêìùêí :
üö©Song Name: O na ramayya
üö©Lyrics: Butham Ramesh
üö©TuneSource:Siddipeta Rajitha
üö©Music Director: Kalyan Keys
üö©Singer: Nalgonda Gaddar Narsanna

: ùêèùêëùêéùêÉùêîùêÇùêìùêàùêéùêç ùêÇùêëùêÑùêÉùêàùêìùêí :
üö©Producer: Djshiva Vangoor
üö©Concept Screenplay & Direction: Djshiva Vangoor's 
üö©Dop: Janatha Bablu
üö©Choreographer: Rajesh Paindla
üö©Additional Dop:Shiva Ld
üö©Editing & Di: Ajay Rangu 
üö©Titles & Vfx: Djshiva Studios HYD
üö©Production Manager & Stills : Esk Shiva
üö©Making Video:  Vsn Sandeep
üö© Stills: Shyam sld
üö©Drone:  Mahesh
üö©Costume Designer: Djshiva Vangoor 
üö©Art Director: Djshiva Vangoor 
üö©Art Department: Vamshi & Imran & Mouli Team
üö©Managing Dprt:Vms Goud & Kammam Kalyan
üö©Posters: Sagar Mudirazz
‚îÄ‚îÄ‚îÄ‚îÄ‚îÄ‚îÄ‚îÄ‚îÄ‚îÄ‚îÄ‚îÄ‚îÄ‚îÄ ‚ãÜ‚ãÖ‚òÜ‚ãÖ‚ãÜ ‚îÄ‚îÄ‚îÄ‚îÄ‚îÄ‚îÄ‚îÄ‚îÄ‚îÄ‚îÄ‚îÄ‚îÄ
SPECIAL THANKS TO

MINISTER ADLURI LAXMAN GARU
AGRAHARAM HANUMAN TEMPLE
VEMULAWADA RAFIQ
VEMULAWADA SANTHOSH
VEMULAWADA KAMALAKAR
SANTHOSH (EGP)
PRASHANTH PEDDI (EGP)
KOLATAM TEAM RENUKA KODADA
HANUMAN GETUP NARESH
DJ ABHI SIDDIPET
AGRAHARAM BHAJANA TEAM
NANDISHWARA MESS
SUDHAKAR ARTIST MANAGER
ART DPT RAJU (HYD)
LALLAYILE MAHESH
OGGU TEAM & DAPPU TEAM
KIDS DANCE UMESH MASTER

THANK YOU ALL SUPPORTERS & WELL WISHERS

‚îÄ‚îÄ‚îÄ‚îÄ‚îÄ‚îÄ‚îÄ‚îÄ‚îÄ‚îÄ‚îÄ‚îÄ‚îÄ‚îÄ ‚ãÜ‚ãÖ‚òÜ‚ãÖ‚ãÜ ‚îÄ‚îÄ‚îÄ‚îÄ‚îÄ‚îÄ‚îÄ‚îÄ‚îÄ‚îÄ‚îÄ‚îÄ‚îÄ‚îÄ‚îÄ
‚ñ∂Ô∏éAbout This Song
This devotional video song is a humble offering to Lord Sri Rama, the symbol of Dharma, Truth, Sacrifice, and Compassion.
Through this song, we reflect our ancient Indian culture, timeless traditions, and the eternal values taught by Maryada Purushottam Sri Ram.
Every frame and every note is created with pure bhakti, aiming to awaken devotion, inner strength, and faith in Dharma.
May the name of Sri Rama bring peace to the mind, purity to the soul, and strength to walk the righteous path.

Jai Shri Ram üö©

If this song touched your heart:
Ôº¨Ôº©Ôº´Ôº•|Ôº£ÔºØÔº≠Ôº≠Ôº•ÔºÆÔº¥|Ôº≥Ôº®Ôº°Ôº≤Ôº•|Ôº≥ÔºµÔº¢Ôº≥Ôº£Ôº≤Ôº©Ôº¢Ôº•
May Lord Sri Rama‚Äôs blessings be with you always.

Keywords: #ramayya #fullsong #onaramayya #oramayya #kalyankeys #djshivavangoor #djshivamusic #janathabablu #nalgondanarsanna #nalgondagaddarnarsannasongs #buthamramesh #kolatamsongs #kolatamdjsongs #jadakoppu #sriramadjsongs #jaisriramsongs #2026newsongs",UCMZOo-5kM0mnG11KdFI6WLQ,Djshiva Vangoor,2026-01-10T03:00:27Z,https://i.ytimg.com/vi/SICF2s6qpw8/hqdefault.jpg,3673230,61704,1794,PT5M28S,2026-01-23T12:10:34.741121,
neRiV_eE7mQ,"Mega Victory Mass Lyrical | Mana ShankaraVaraPrasad Garu | Chiranjeevi,Venkatesh | Anil R |Bheems","Get ready for the Biggest Celebration Anthem of the seasonüî•

üé∂ Presenting the Mega Victory Mass Lyrical Video Song from Mana ShankaraVaraprasad Garu featuring Megastar Chiranjeevi and Victory Venkatesh.

#MegaVictoryMass #ManaShankaraVaraprasadGaru #Chiranjeevi #Venkatesh #BheemsCeciroleo #MSG  
------------------------------------------ 
Connect with T-Series Telugu: üëâ http://bit.ly/SubscribeToTseriesTelugu
------------------------------------------
üé∂ Song Details üé∂
Song Name: Mega Victory Mass Song
Movie Name: Mana Shankaravaraprasad Garu
Song Featuring: Megastar Chiranjeevi, Victory Venkatesh 
Music - Bheems Ceciroleo
Singers: Nakash Aziz and Vishal Dadlani
Lyrics - Kasarla Shyam 
Choreography: Vijay Polaki

üéºMusicians Creditsüéº
Song Composed And Arranged by Bheems Ceciroleo
Keyboards & Rhythms- Vaidhy VR, Bharath Madhusudan, Midhun
Asokan, Dathu Eswar, Agastya Raag
Flute- Ramesh Kuppampati
Chorus- Arjun Vijay,Bharadwaj Krishna, Tusher Sambhara
Recording studio @ A Bheems Musicals (Hyderabad),
Recording Engineer - Mastan Vali
Nakash Aziz Vocals Recorded at 
A Bheems Musicals (Hyderabad),
Recording Engineer - Mastan Vali
Vishal Dadlani Vocals Recorded at
Purple Haze Studio Pvt Ltd (Mumbai)
Sound Engineered by Abhay Anant Rumde
Vocals Melodyne & Song Pre-Mixed by Mastan Vali
Song Mixed & Mastered by
Kishore Kumar Sathala
A Bheems Musicals (Hyderabad)
Music Production Manager- Malya Kandukuri
Studio Assistants- Sankaram and Rajesh

üé¨Movie Detailsüé¨
Cast: Chiranjeevi, Nayanthara, Venkatesh ( extended cameo), Catherine Tresa
Crew:
Writer & Director - Anil Ravipudi 
Producers -  Sahu Garapati And Sushmita Konidela
Presents - Smt.Archana
Banners - Shine Screens And Gold Box Entertainments
Music Director - Bheems Ceciroleo 
Cinematographer - Sameer Reddy
Production Designer - A S Prakash
Editor - Tammiraju 
Executive Producer - S Krishna 
Co-Writers - S Krishna, G Adinarayana
VFX - Lavan & Kushan (DTM), Narendra Logisa, Knack Studios
Action:  V Venkat, Maibam Nabakanta
Line Producer - Naveen Garapati
Colorist: S Raghunath Varma ( DI B2H)
PRO - Vamsi Shekar
Marketing: Haashtag Media
 
Music Label: T-Series
---------------------------
Enjoy & stay connected with us!!

üëâSubscribe to T-Series Telugu: http://bit.ly/SubscribeToTseriesTelugu
üëâLike us on Facebook: http://www.facebook.com/Tseriestelugu
üëâFollow us on Instagram: http://bit.ly/InstagramT-SeriesSouthOffical
üëâFollow us on Twitter: http://bit.ly/TwitterT-SeriesSouthOffical
üëâFollow us on Whatsapp: https://bit.ly/4cGF0YV
üëâFollow us on SnapChat: https://bit.ly/4jpOwCC 
Thanks Everyone for Watching Our Latest Telugu Song 2025. If you like the song then Please SUBSCRIBE Our Channel With Bell Icon to get notification of all of our newest releases. Will Make Sure to provide best Telugu songs of all time.

mega victory mass song, mega victory lyrical video, chiranjeevi song, venkatesh song, bheems ceciroleo music, anil ravipudi film, mana shankara varaprasad garu song, telugu mass song, telugu lyrical video, megastar chiranjeevi hits, victory venkatesh songs, telugu celebration song, telugu party song, mass combo song, telugu trending song, tollywood mass hits, south indian mass songs, telugu festival song, telugu movie lyrical, latest telugu songs, chiranjeevi venkatesh combo, mass dance song, telugu cinema music, blockbuster mass song, telugu hits Telugu Party Song Telugu New Party Song Telugu New Year Party Song Telugu new mashup Song Telugu Party Song",UCnJjcn5FrgrOEp5_N45ZLEQ,T-Series Telugu,2025-12-30T10:45:13Z,https://i.ytimg.com/vi/neRiV_eE7mQ/hqdefault.jpg,34496818,152424,5210,PT3M16S,2026-01-23T12:10:34.741125,
pS4R-hrEyhM,Shiv Ji Maharaj drawing with blood #viral #trending #shivajimaharajjayanti #shorts #video,"""Har Har Mahadev! üôè
In this video, I will show you how to draw a beautiful sketch of Shiv Ji Maharaj. If you love art and drawing, please like this video and subscribe to the channel for more!",UChRRNw8DzVGSqiZ3zgOe31g,Sougat  Arts ,2026-01-11T05:46:00Z,https://i.ytimg.com/vi/pS4R-hrEyhM/hqdefault.jpg,22650,1932,69,PT1M,2026-01-23T12:10:34.741129,
